target,group_col,group,n,skipped_low_sample,base_rate_true_positive,selection_rate_predicted_positive,accuracy,precision,recall_equal_opportunity,f1,roc_auc,specificity,false_positive_rate,false_negative_rate,tn,fp,fn,tp
any_selected_pathology,Patient Gender,F,895,False,0.8201117318435754,0.8502793296089386,0.8134078212290503,0.8725361366622865,0.9046321525885559,0.8882943143812709,0.7797738927344424,0.39751552795031053,0.6024844720496895,0.09536784741144415,64,97,70,664
any_selected_pathology,Patient Gender,M,1019,False,0.7909715407262021,0.8204121687929342,0.7782139352306182,0.84688995215311,0.8784119106699751,0.8623629719853837,0.724364799217139,0.39906103286384975,0.6009389671361502,0.12158808933002481,85,128,98,708
any_selected_pathology,age_group,0-18,111,False,0.8468468468468469,0.9099099099099099,0.8468468468468469,0.8811881188118812,0.9468085106382979,0.9128205128205128,0.7897371714643304,0.29411764705882354,0.7058823529411765,0.05319148936170213,5,12,5,89
any_selected_pathology,age_group,19-40,544,False,0.7867647058823529,0.8125,0.7867647058823529,0.8529411764705882,0.8808411214953271,0.8666666666666667,0.76842974540767,0.4396551724137931,0.5603448275862069,0.1191588785046729,51,65,51,377
any_selected_pathology,age_group,41-60,794,False,0.8085642317380353,0.8148614609571788,0.7896725440806045,0.8670788253477589,0.8738317757009346,0.8704422032583398,0.7564867191342843,0.4342105263157895,0.5657894736842105,0.1261682242990654,66,86,81,561
any_selected_pathology,age_group,61-80,453,False,0.8101545253863135,0.8763796909492274,0.8013245033112583,0.8488664987405542,0.9182561307901907,0.8821989528795812,0.7009378366389962,0.3023255813953488,0.6976744186046512,0.08174386920980926,26,60,30,337
any_selected_pathology,age_group,81+,12,False,0.75,0.8333333333333334,0.75,0.8,0.8888888888888888,0.8421052631578947,0.8888888888888888,0.3333333333333333,0.6666666666666666,0.1111111111111111,1,2,1,8
any_selected_pathology,View Position,AP,811,False,0.8458692971639951,0.9321824907521579,0.8495684340320592,0.873015873015873,0.9620991253644315,0.9153952843273232,0.7020291545189504,0.232,0.768,0.037900874635568516,29,96,26,660
any_selected_pathology,View Position,PA,1103,False,0.7742520398912058,0.7624660018132366,0.7543064369900272,0.8466111771700356,0.8337236533957846,0.840117994100295,0.7594217619894096,0.4819277108433735,0.5180722891566265,0.16627634660421545,120,129,142,712
Infiltration,Patient Gender,F,895,False,0.3329608938547486,0.40893854748603353,0.6424581005586593,0.46994535519125685,0.5771812080536913,0.5180722891566265,0.6611525187458546,0.6750418760469011,0.3249581239530988,0.4228187919463087,403,194,126,172
Infiltration,Patient Gender,M,1019,False,0.3326790971540726,0.41903827281648676,0.6270853778213935,0.4519906323185012,0.5693215339233039,0.5039164490861618,0.6390465035571751,0.6558823529411765,0.34411764705882353,0.4306784660766962,446,234,146,193
Infiltration,age_group,0-18,111,False,0.3783783783783784,0.5315315315315315,0.6306306306306306,0.5084745762711864,0.7142857142857143,0.594059405940594,0.714975845410628,0.5797101449275363,0.42028985507246375,0.2857142857142857,40,29,12,30
Infiltration,age_group,19-40,544,False,0.3474264705882353,0.4889705882352941,0.6121323529411765,0.45864661654135336,0.6455026455026455,0.5362637362637362,0.6555928161561964,0.5943661971830986,0.4056338028169014,0.3544973544973545,211,144,67,122
Infiltration,age_group,41-60,794,False,0.31738035264483627,0.353904282115869,0.6385390428211587,0.4377224199288256,0.4880952380952381,0.46153846153846156,0.6172318866045804,0.7084870848708487,0.2915129151291513,0.5119047619047619,384,158,129,123
Infiltration,age_group,61-80,453,False,0.33112582781456956,0.40176600441501104,0.6467991169977925,0.4725274725274725,0.5733333333333334,0.5180722891566265,0.662112211221122,0.6831683168316832,0.31683168316831684,0.4266666666666667,207,96,64,86
Infiltration,age_group,81+,12,False,0.3333333333333333,0.4166666666666667,0.9166666666666666,0.8,1.0,0.8888888888888888,1.0,0.875,0.125,0.0,7,1,0,4
Infiltration,View Position,AP,811,False,0.4192355117139334,0.7287299630086314,0.5745992601726264,0.4957698815566836,0.861764705882353,0.6294307196562836,0.6959472961158986,0.3673036093418259,0.6326963906581741,0.13823529411764707,173,298,47,293
Infiltration,View Position,PA,1103,False,0.2692656391659112,0.18313689936536717,0.6781504986400725,0.3564356435643564,0.24242424242424243,0.28857715430861725,0.5497907110810336,0.8387096774193549,0.16129032258064516,0.7575757575757576,676,130,225,72
Effusion,Patient Gender,F,895,False,0.31508379888268156,0.38994413407821227,0.7307262569832402,0.5587392550143266,0.6914893617021277,0.618066561014263,0.7757858688232504,0.7487765089722676,0.25122349102773245,0.30851063829787234,459,154,87,195
Effusion,Patient Gender,M,1019,False,0.3071638861629048,0.36408243375858684,0.6997055937193327,0.5094339622641509,0.6038338658146964,0.5526315789473685,0.7425490320303378,0.7422096317280453,0.2577903682719547,0.3961661341853035,524,182,124,189
Effusion,age_group,0-18,111,False,0.22522522522522523,0.3783783783783784,0.6666666666666666,0.35714285714285715,0.6,0.44776119402985076,0.6855813953488372,0.686046511627907,0.313953488372093,0.4,59,27,10,15
Effusion,age_group,19-40,544,False,0.25919117647058826,0.3547794117647059,0.7279411764705882,0.48186528497409326,0.6595744680851063,0.5568862275449101,0.7634056631997607,0.7518610421836228,0.24813895781637718,0.3404255319148936,303,100,48,93
Effusion,age_group,41-60,794,False,0.32871536523929473,0.345088161209068,0.7342569269521411,0.5912408759124088,0.6206896551724138,0.6056074766355141,0.7816523258070776,0.7898686679174484,0.2101313320825516,0.3793103448275862,421,112,99,162
Effusion,age_group,61-80,453,False,0.3620309050772627,0.45474613686534215,0.673289183222958,0.5388349514563107,0.676829268292683,0.6,0.7259262385011394,0.671280276816609,0.328719723183391,0.3231707317073171,194,95,53,111
Effusion,age_group,81+,12,False,0.3333333333333333,0.4166666666666667,0.75,0.6,0.75,0.6666666666666666,0.625,0.75,0.25,0.25,6,2,1,3
Effusion,View Position,AP,811,False,0.3723797780517879,0.5363748458692972,0.6214549938347719,0.4942528735632184,0.7119205298013245,0.5834464043419267,0.6763423932135468,0.5677799607072691,0.43222003929273084,0.28807947019867547,289,220,87,215
Effusion,View Position,PA,1103,False,0.2656391659111514,0.2583862194016319,0.7824116047144152,0.5929824561403508,0.5767918088737202,0.5847750865051903,0.8013188387477352,0.8567901234567902,0.14320987654320988,0.4232081911262799,694,116,124,169
Atelectasis,Patient Gender,F,895,False,0.28044692737430166,0.4782122905027933,0.623463687150838,0.39953271028037385,0.6812749003984063,0.5036818851251841,0.6889955705129791,0.6009316770186336,0.39906832298136646,0.3187250996015936,387,257,80,171
Atelectasis,Patient Gender,M,1019,False,0.30029440628066734,0.5554465161923454,0.5839057899901865,0.3957597173144876,0.7320261437908496,0.5137614678899083,0.6811731705304843,0.520336605890603,0.4796633941093969,0.2679738562091503,371,342,82,224
Atelectasis,age_group,0-18,111,False,0.2702702702702703,0.36036036036036034,0.6036036036036037,0.325,0.43333333333333335,0.37142857142857144,0.5790123456790124,0.6666666666666666,0.3333333333333333,0.5666666666666667,54,27,17,13
Atelectasis,age_group,19-40,544,False,0.22058823529411764,0.3860294117647059,0.6580882352941176,0.34285714285714286,0.6,0.43636363636363634,0.6986438679245283,0.6745283018867925,0.32547169811320753,0.4,286,138,48,72
Atelectasis,age_group,41-60,794,False,0.3161209068010076,0.5403022670025189,0.6120906801007556,0.43356643356643354,0.7410358565737052,0.5470588235294118,0.7002707402434462,0.5524861878453039,0.44751381215469616,0.2589641434262948,300,243,65,186
Atelectasis,age_group,61-80,453,False,0.33774834437086093,0.6799116997792495,0.5253863134657837,0.39935064935064934,0.803921568627451,0.5336225596529284,0.6250544662309367,0.38333333333333336,0.6166666666666667,0.19607843137254902,115,185,30,123
Atelectasis,age_group,81+,12,False,0.25,0.5833333333333334,0.3333333333333333,0.14285714285714285,0.3333333333333333,0.2,0.3333333333333333,0.3333333333333333,0.6666666666666666,0.6666666666666666,3,6,2,1
Atelectasis,View Position,AP,811,False,0.32675709001233044,0.6054254007398274,0.5684340320591862,0.4134419551934827,0.7660377358490567,0.5370370370370371,0.6630589536249913,0.4725274725274725,0.5274725274725275,0.2339622641509434,258,288,62,203
Atelectasis,View Position,PA,1103,False,0.26473254759746145,0.45602901178603805,0.6273798730734361,0.3817097415506958,0.6575342465753424,0.4830188679245283,0.6970001520193234,0.6165228113440198,0.3834771886559803,0.3424657534246575,500,311,100,192
Pneumothorax,Patient Gender,F,895,False,0.28156424581005585,0.47262569832402235,0.6905027932960894,0.47044917257683216,0.7896825396825397,0.5896296296296296,0.7932928485028019,0.6516329704510109,0.3483670295489891,0.21031746031746032,419,224,53,199
Pneumothorax,Patient Gender,M,1019,False,0.23748773307163887,0.3228655544651619,0.7419038272816487,0.46808510638297873,0.6363636363636364,0.5394045534150613,0.7797951434315071,0.7747747747747747,0.22522522522522523,0.36363636363636365,602,175,88,154
Pneumothorax,age_group,0-18,111,False,0.3963963963963964,0.5675675675675675,0.6666666666666666,0.5555555555555556,0.7954545454545454,0.6542056074766355,0.7774762550881954,0.582089552238806,0.417910447761194,0.20454545454545456,39,28,9,35
Pneumothorax,age_group,19-40,544,False,0.28308823529411764,0.375,0.7242647058823529,0.5098039215686274,0.6753246753246753,0.5810055865921788,0.7987845487845487,0.7435897435897436,0.2564102564102564,0.3246753246753247,290,100,50,104
Pneumothorax,age_group,41-60,794,False,0.25440806045340053,0.3929471032745592,0.7204030226700252,0.46794871794871795,0.7227722772277227,0.5680933852140078,0.7905990767995719,0.7195945945945946,0.28040540540540543,0.27722772277227725,426,166,56,146
Pneumothorax,age_group,61-80,453,False,0.20309050772626933,0.3708609271523179,0.7262693156732892,0.40476190476190477,0.7391304347826086,0.5230769230769231,0.7801698181380223,0.7229916897506925,0.2770083102493075,0.2608695652173913,261,100,24,68
Pneumothorax,age_group,81+,12,False,0.16666666666666666,0.4166666666666667,0.4166666666666667,0.0,0.0,0.0,0.0,0.5,0.5,1.0,5,5,2,0
Pneumothorax,View Position,AP,811,False,0.1997533908754624,0.2909987669543773,0.7583230579531443,0.4279661016949153,0.6234567901234568,0.507537688442211,0.7816013239742053,0.7919876733436055,0.20801232665639446,0.3765432098765432,514,135,61,101
Pneumothorax,View Position,PA,1103,False,0.30099728014505894,0.46781504986400724,0.6881233000906618,0.4883720930232558,0.7590361445783133,0.5943396226415094,0.7780733830262685,0.6575875486381323,0.3424124513618677,0.24096385542168675,507,264,80,252
